<?xml version="1.0" encoding="UTF-8"?>
<!--This is a Reload version 2.5.6 SCORM 1.2 Content
Package document-->
<!--Spawned
from the Reload Content Package Generator - http://www.reload.ac.uk-->
<manifest
    xmlns="http://www.imsproject.org/xsd/imscp_rootv1p1p2"
    xmlns:imsmd="http://www.imsglobal.org/xsd/imsmd_rootv1p2p1"
    xmlns:xsi="http://www.w3.org/2001/XMLSchema-instance"
    xmlns:adlcp="http://www.adlnet.org/xsd/adlcp_rootv1p2"
    identifier="MANIFEST-0DBCD13EF6970E965328C9D3E5CFF600"
    xsi:schemaLocation="http://www.imsproject.org/xsd/imscp_rootv1p1p2 imscp_rootv1p1p2.xsd
                        http://www.imsglobal.org/xsd/imsmd_rootv1p2p1 imsmd_rootv1p2p1.xsd
                        http://www.adlnet.org/xsd/adlcp_rootv1p2 adlcp_rootv1p2.xsd">
    <organizations default="sesi-mg">
        <organization identifier="sesi-mg" structure="hierarchical">
            <title>Aula 13 | Astronomia | CHOICES 6°Ano</title>
            <item
                identifier="item-identifier"
                isvisible="true"
                identifierref="sco01">
                <title>Aula 13 | O que vemos no céu à noite?</title>
            </item>
        </organization>
    </organizations>
    <resources>
        <resource
            identifier="sco01"
            type="webcontent"
            href="index.html"
            adlcp:scormtype="sco">
            <file href="index.html" />
        </resource>
    </resources>
</manifest>